ERR363523  [quant] processed 11,050,353 reads, 8,556,774 reads pseudoaligned
ERR363524  [quant] processed 4,743,895 reads, 3,715,729 reads pseudoaligned
ERR363525  [quant] processed 21,225,283 reads, 18,878,082 reads pseudoaligned
ERR363526  [quant] processed 16,771,194 reads, 13,445,826 reads pseudoaligned
ERR363527  [quant] processed 18,141,355 reads, 15,181,954 reads pseudoaligned
ERR363528  [quant] processed 17,056,335 reads, 13,408,675 reads pseudoaligned
ERR576125  [quant] processed 10,141,417 reads, 8,071,707 reads pseudoaligned
ERR576126  [quant] processed 4,318,529 reads, 3,538,936 reads pseudoaligned
ERR576127  [quant] processed 9,063,874 reads, 7,265,242 reads pseudoaligned
ERR576128  [quant] processed 15,518,881 reads, 12,457,924 reads pseudoaligned
ERR576129  [quant] processed 8,323,304 reads, 6,704,966 reads pseudoaligned
ERR576130  [quant] processed 10,539,214 reads, 7,395,131 reads pseudoaligned
ERR576131  [quant] processed 8,744,796 reads, 5,961,700 reads pseudoaligned
ERR576132  [quant] processed 10,854,817 reads, 8,260,006 reads pseudoaligned
ERR576133  [quant] processed 14,786,231 reads, 10,290,108 reads pseudoaligned
ERR576134  [quant] processed 14,022,917 reads, 11,282,976 reads pseudoaligned
ERR576135  [quant] processed 7,805,093 reads, 6,450,296 reads pseudoaligned
ERR576136  [quant] processed 8,653,895 reads, 7,172,766 reads pseudoaligned
ERR576137  [quant] processed 9,536,320 reads, 7,513,225 reads pseudoaligned
ERR576138  [quant] processed 11,070,326 reads, 9,095,676 reads pseudoaligned
ERR576139  [quant] processed 10,395,339 reads, 8,903,307 reads pseudoaligned
ERR576140  [quant] processed 8,616,649 reads, 6,964,522 reads pseudoaligned
ERR576141  [quant] processed 10,308,631 reads, 8,204,970 reads pseudoaligned
ERR576142  [quant] processed 4,388,551 reads, 3,596,427 reads pseudoaligned
ERR576143  [quant] processed 9,173,701 reads, 7,349,950 reads pseudoaligned
ERR576144  [quant] processed 15,807,631 reads, 12,688,127 reads pseudoaligned
ERR576145  [quant] processed 8,464,605 reads, 6,819,752 reads pseudoaligned
ERR576146  [quant] processed 10,740,956 reads, 7,535,412 reads pseudoaligned
ERR576147  [quant] processed 8,908,273 reads, 6,072,104 reads pseudoaligned
ERR576148  [quant] processed 11,073,021 reads, 8,425,612 reads pseudoaligned
ERR576149  [quant] processed 14,999,716 reads, 10,437,114 reads pseudoaligned
ERR576150  [quant] processed 14,271,113 reads, 11,480,680 reads pseudoaligned
ERR576151  [quant] processed 7,910,528 reads, 6,535,198 reads pseudoaligned
ERR576152  [quant] processed 8,809,041 reads, 7,302,293 reads pseudoaligned
ERR576153  [quant] processed 9,709,439 reads, 7,645,466 reads pseudoaligned
ERR576154  [quant] processed 11,247,793 reads, 9,239,014 reads pseudoaligned
ERR576155  [quant] processed 10,590,749 reads, 9,067,541 reads pseudoaligned
ERR576156  [quant] processed 8,744,876 reads, 7,067,425 reads pseudoaligned
ERR576157  [quant] processed 7,434,121 reads, 5,543,178 reads pseudoaligned
ERR576158  [quant] processed 8,504,394 reads, 6,428,609 reads pseudoaligned
ERR576159  [quant] processed 7,522,090 reads, 5,888,561 reads pseudoaligned
ERR576160  [quant] processed 9,027,585 reads, 6,694,335 reads pseudoaligned
ERR576161  [quant] processed 8,546,992 reads, 6,396,301 reads pseudoaligned
ERR576162  [quant] processed 7,496,404 reads, 4,973,110 reads pseudoaligned
ERR576163  [quant] processed 12,340,255 reads, 7,937,118 reads pseudoaligned
ERR576164  [quant] processed 17,936,825 reads, 12,420,320 reads pseudoaligned
ERR576165  [quant] processed 3,953,993 reads, 2,679,850 reads pseudoaligned
ERR576166  [quant] processed 6,419,294 reads, 5,081,416 reads pseudoaligned
ERR576167  [quant] processed 6,085,300 reads, 4,873,476 reads pseudoaligned
ERR576168  [quant] processed 5,834,753 reads, 4,783,512 reads pseudoaligned
ERR576169  [quant] processed 4,718,487 reads, 3,904,133 reads pseudoaligned
ERR576170  [quant] processed 6,098,277 reads, 4,793,651 reads pseudoaligned
ERR576171  [quant] processed 4,349,732 reads, 3,697,603 reads pseudoaligned
ERR576172  [quant] processed 7,193,295 reads, 5,744,542 reads pseudoaligned
ERR576173  [quant] processed 7,401,552 reads, 5,513,503 reads pseudoaligned
ERR576174  [quant] processed 8,482,832 reads, 6,408,275 reads pseudoaligned
ERR576175  [quant] processed 7,464,743 reads, 5,842,011 reads pseudoaligned
ERR576176  [quant] processed 9,012,290 reads, 6,681,056 reads pseudoaligned
ERR576177  [quant] processed 8,513,081 reads, 6,368,731 reads pseudoaligned
ERR576178  [quant] processed 7,477,517 reads, 4,950,901 reads pseudoaligned
ERR576179  [quant] processed 12,311,390 reads, 7,908,107 reads pseudoaligned
ERR576180  [quant] processed 17,900,594 reads, 12,385,388 reads pseudoaligned
ERR576181  [quant] processed 3,931,398 reads, 2,660,842 reads pseudoaligned
ERR576182  [quant] processed 6,390,936 reads, 5,053,531 reads pseudoaligned
ERR576183  [quant] processed 6,045,179 reads, 4,836,613 reads pseudoaligned
ERR576184  [quant] processed 5,805,516 reads, 4,755,921 reads pseudoaligned
ERR576185  [quant] processed 4,694,776 reads, 3,882,601 reads pseudoaligned
ERR576186  [quant] processed 6,077,215 reads, 4,775,305 reads pseudoaligned
ERR576187  [quant] processed 4,332,942 reads, 3,682,577 reads pseudoaligned
ERR576188  [quant] processed 7,156,246 reads, 5,710,872 reads pseudoaligned
ERR580457  [quant] processed 4,157,309 reads, 3,381,683 reads pseudoaligned
ERR580458  [quant] processed 3,895,002 reads, 3,106,162 reads pseudoaligned
ERR580459  [quant] processed 3,485,732 reads, 2,820,133 reads pseudoaligned
ERR580460  [quant] processed 4,030,685 reads, 3,167,187 reads pseudoaligned
ERR580461  [quant] processed 3,820,885 reads, 3,282,182 reads pseudoaligned
ERR580462  [quant] processed 4,195,922 reads, 3,296,814 reads pseudoaligned
ERR580463  [quant] processed 5,277,332 reads, 4,334,891 reads pseudoaligned
ERR580464  [quant] processed 9,252,748 reads, 7,709,895 reads pseudoaligned
SRR100286  [quant] processed 17,593,185 reads, 14,934,774 reads pseudoaligned
SRR100287  [quant] processed 38,161,971 reads, 36,129,453 reads pseudoaligned
SRR10226791  [quant] processed 1,318,464 reads, 980,559 reads pseudoaligned
SRR10226792  [quant] processed 1,499,474 reads, 1,120,931 reads pseudoaligned
SRR10226793  [quant] processed 1,536,724 reads, 1,122,810 reads pseudoaligned
SRR10226794  [quant] processed 1,451,313 reads, 1,063,107 reads pseudoaligned
SRR10226795  [quant] processed 1,753,433 reads, 1,327,214 reads pseudoaligned
SRR10226796  [quant] processed 1,709,385 reads, 1,289,243 reads pseudoaligned
SRR10226797  [quant] processed 1,765,303 reads, 1,364,282 reads pseudoaligned
SRR10226798  [quant] processed 2,024,550 reads, 1,410,746 reads pseudoaligned
SRR10226799  [quant] processed 1,186,396 reads, 875,727 reads pseudoaligned
SRR10226800  [quant] processed 1,546,807 reads, 1,137,565 reads pseudoaligned
SRR10226801  [quant] processed 1,409,378 reads, 1,073,912 reads pseudoaligned
SRR10226802  [quant] processed 1,761,389 reads, 1,266,502 reads pseudoaligned
SRR10756541  [quant] processed 2,550 reads, 820 reads pseudoaligned
SRR1299148  [quant] processed 6,683,877 reads, 5,965,411 reads pseudoaligned
SRR1299149  [quant] processed 6,943,910 reads, 6,179,838 reads pseudoaligned
SRR1299150  [quant] processed 6,642,486 reads, 5,810,961 reads pseudoaligned
SRR1299161  [quant] processed 6,683,877 reads, 5,965,411 reads pseudoaligned
SRR1593491  [quant] processed 15,393,054 reads, 14,215,718 reads pseudoaligned
SRR1593492  [quant] processed 10,583,799 reads, 9,861,563 reads pseudoaligned
SRR1593493  [quant] processed 13,145,773 reads, 12,435,172 reads pseudoaligned
SRR1593494  [quant] processed 12,508,707 reads, 11,702,155 reads pseudoaligned
SRR1593495  [quant] processed 20,647,807 reads, 19,372,963 reads pseudoaligned
SRR1593517  [quant] processed 10,891,469 reads, 10,255,471 reads pseudoaligned
SRR1596493  [quant] processed 20,647,807 reads, 19,372,963 reads pseudoaligned
SRR1596494  [quant] processed 10,891,469 reads, 10,255,471 reads pseudoaligned
SRR1596495  [quant] processed 13,145,773 reads, 12,435,172 reads pseudoaligned
SRR1596496  [quant] processed 12,508,707 reads, 11,702,155 reads pseudoaligned
SRR1596497  [quant] processed 15,393,054 reads, 14,215,718 reads pseudoaligned
SRR1596498  [quant] processed 10,583,799 reads, 9,861,563 reads pseudoaligned
SRR1720483  [quant] processed 10,440,393 reads, 9,576,763 reads pseudoaligned
SRR1720484  [quant] processed 10,477,626 reads, 9,580,184 reads pseudoaligned
SRR1720485  [quant] processed 10,388,763 reads, 9,636,616 reads pseudoaligned
SRR1720486  [quant] processed 9,970,958 reads, 9,237,455 reads pseudoaligned
SRR1720487  [quant] processed 10,406,274 reads, 9,937,802 reads pseudoaligned
SRR1720488  [quant] processed 8,973,340 reads, 8,410,327 reads pseudoaligned
SRR1720489  [quant] processed 11,308,767 reads, 10,491,959 reads pseudoaligned
SRR1720490  [quant] processed 11,026,591 reads, 10,186,292 reads pseudoaligned
SRR1720491  [quant] processed 11,193,057 reads, 10,536,988 reads pseudoaligned
SRR1720492  [quant] processed 12,421,562 reads, 11,490,194 reads pseudoaligned
SRR1720493  [quant] processed 9,238,298 reads, 8,633,595 reads pseudoaligned
SRR1720494  [quant] processed 11,082,873 reads, 10,135,653 reads pseudoaligned
SRR1720495  [quant] processed 10,132,452 reads, 9,511,050 reads pseudoaligned
SRR1720496  [quant] processed 13,529,036 reads, 12,438,255 reads pseudoaligned
SRR1720497  [quant] processed 9,630,435 reads, 8,826,300 reads pseudoaligned
SRR1720498  [quant] processed 11,816,633 reads, 11,096,683 reads pseudoaligned
SRR1720499  [quant] processed 7,888,840 reads, 7,314,890 reads pseudoaligned
SRR1720500  [quant] processed 10,045,004 reads, 9,158,975 reads pseudoaligned
SRR1720501  [quant] processed 10,317,444 reads, 8,192,910 reads pseudoaligned
SRR1720502  [quant] processed 8,663,435 reads, 7,815,435 reads pseudoaligned
SRR1720503  [quant] processed 13,485,945 reads, 11,711,483 reads pseudoaligned
SRR1720504  [quant] processed 12,873,863 reads, 11,006,249 reads pseudoaligned
SRR1720505  [quant] processed 16,866,705 reads, 14,443,707 reads pseudoaligned
SRR1720506  [quant] processed 18,706,436 reads, 16,200,761 reads pseudoaligned
SRR1720507  [quant] processed 7,063,073 reads, 6,000,101 reads pseudoaligned
SRR1720508  [quant] processed 11,763,048 reads, 10,236,532 reads pseudoaligned
SRR1720509  [quant] processed 10,490,802 reads, 9,301,987 reads pseudoaligned
SRR1720510  [quant] processed 8,146,923 reads, 6,968,128 reads pseudoaligned
SRR1720511  [quant] processed 9,909,052 reads, 8,543,642 reads pseudoaligned
SRR1720512  [quant] processed 10,680,517 reads, 8,845,684 reads pseudoaligned
SRR1720513  [quant] processed 8,391,973 reads, 6,916,152 reads pseudoaligned
SRR1720514  [quant] processed 10,749,060 reads, 9,184,702 reads pseudoaligned
SRR1720515  [quant] processed 7,157,025 reads, 6,560,895 reads pseudoaligned
SRR1720516  [quant] processed 15,376,650 reads, 13,236,405 reads pseudoaligned
SRR1720517  [quant] processed 9,247,138 reads, 8,456,189 reads pseudoaligned
SRR1720518  [quant] processed 15,783,851 reads, 13,801,250 reads pseudoaligned
SRR1720519  [quant] processed 14,455,969 reads, 12,650,748 reads pseudoaligned
SRR1820237  [quant] processed 6,176,701 reads, 5,519,202 reads pseudoaligned
SRR1821719  [quant] processed 5,367,185 reads, 4,784,779 reads pseudoaligned
SRR1821720  [quant] processed 6,052,052 reads, 5,519,650 reads pseudoaligned
SRR1821721  [quant] processed 6,184,198 reads, 5,646,665 reads pseudoaligned
SRR1821722  [quant] processed 6,505,579 reads, 5,822,463 reads pseudoaligned
SRR2097560  [quant] processed 5,165,025 reads, 4,460,233 reads pseudoaligned
SRR2097561  [quant] processed 4,595,415 reads, 3,731,543 reads pseudoaligned
SRR2097725  [quant] processed 10,113,533 reads, 7,691,262 reads pseudoaligned
SRR2097775  [quant] processed 5,438,940 reads, 4,559,806 reads pseudoaligned
SRR2097793  [quant] processed 6,551,954 reads, 4,896,432 reads pseudoaligned
SRR2097895  [quant] processed 7,379,439 reads, 6,004,901 reads pseudoaligned
SRR2097909  [quant] processed 7,269,610 reads, 6,083,622 reads pseudoaligned
SRR2098008  [quant] processed 6,921,757 reads, 5,785,303 reads pseudoaligned
SRR2098009  [quant] processed 14,179,123 reads, 10,929,370 reads pseudoaligned
SRR2098010  [quant] processed 3,525,555 reads, 2,805,422 reads pseudoaligned
SRR2098334  [quant] processed 10,366,744 reads, 8,529,796 reads pseudoaligned
SRR2098369  [quant] processed 6,013,721 reads, 4,796,100 reads pseudoaligned
SRR2098372  [quant] processed 5,854,437 reads, 4,392,209 reads pseudoaligned
SRR2098572  [quant] processed 1,983,164 reads, 1,559,725 reads pseudoaligned
SRR2098631  [quant] processed 177,788 reads, 140,289 reads pseudoaligned
SRR2098634  [quant] processed 10,691,341 reads, 8,496,065 reads pseudoaligned
SRR2098635  [quant] processed 2,363,517 reads, 1,972,527 reads pseudoaligned
SRR2098643  [quant] processed 9,367,839 reads, 7,569,248 reads pseudoaligned
SRR2098663  [quant] processed 12,169,400 reads, 10,287,905 reads pseudoaligned
SRR2098670  [quant] processed 7,791,004 reads, 6,344,070 reads pseudoaligned
SRR2098779  [quant] processed 15,474,917 reads, 10,836,726 reads pseudoaligned
SRR2098786  [quant] processed 14,365,225 reads, 10,993,917 reads pseudoaligned
SRR2098792  [quant] processed 8,385,105 reads, 6,327,741 reads pseudoaligned
SRR2098795  [quant] processed 2,511,650 reads, 2,136,364 reads pseudoaligned
SRR2098796  [quant] processed 11,939,029 reads, 9,989,086 reads pseudoaligned
SRR2098804  [quant] processed 7,767,081 reads, 5,914,452 reads pseudoaligned
SRR2098818  [quant] processed 8,895,212 reads, 7,140,018 reads pseudoaligned
SRR2098820  [quant] processed 9,790,799 reads, 7,947,141 reads pseudoaligned
SRR2098916  [quant] processed 12,933,813 reads, 10,539,285 reads pseudoaligned
SRR2098921  [quant] processed 11,897,585 reads, 8,817,762 reads pseudoaligned
SRR2098927  [quant] processed 6,912,878 reads, 5,222,100 reads pseudoaligned
SRR2098939  [quant] processed 8,763,813 reads, 7,594,071 reads pseudoaligned
SRR2098940  [quant] processed 9,529,438 reads, 7,479,753 reads pseudoaligned
SRR2098952  [quant] processed 5,562,090 reads, 4,662,274 reads pseudoaligned
SRR2098953  [quant] processed 839,285 reads, 683,053 reads pseudoaligned
SRR2098955  [quant] processed 11,849,218 reads, 9,412,398 reads pseudoaligned
SRR2099410  [quant] processed 16,283,016 reads, 11,577,429 reads pseudoaligned
SRR2099412  [quant] processed 6,388,089 reads, 5,029,887 reads pseudoaligned
SRR2099420  [quant] processed 7,490,030 reads, 6,399,146 reads pseudoaligned
SRR2099425  [quant] processed 5,929,946 reads, 4,642,341 reads pseudoaligned
SRR2099426  [quant] processed 5,132,861 reads, 4,283,282 reads pseudoaligned
SRR2099431  [quant] processed 4,707,240 reads, 3,615,997 reads pseudoaligned
SRR2099434  [quant] processed 8,645,176 reads, 6,382,312 reads pseudoaligned
SRR2099439  [quant] processed 7,245,634 reads, 5,963,724 reads pseudoaligned
SRR2099443  [quant] processed 4,728,513 reads, 3,604,274 reads pseudoaligned
SRR2099447  [quant] processed 8,284,170 reads, 6,528,000 reads pseudoaligned
SRR2099449  [quant] processed 9,079,142 reads, 7,667,241 reads pseudoaligned
SRR2099454  [quant] processed 16,651,068 reads, 13,290,419 reads pseudoaligned
SRR2099469  [quant] processed 17,931,485 reads, 13,829,877 reads pseudoaligned
SRR2099470  [quant] processed 8,361,160 reads, 6,552,605 reads pseudoaligned
SRR2099472  [quant] processed 3,961,345 reads, 3,095,509 reads pseudoaligned
SRR2099475  [quant] processed 15,607,376 reads, 12,358,561 reads pseudoaligned
SRR2099483  [quant] processed 11,535,059 reads, 8,608,699 reads pseudoaligned
SRR2099485  [quant] processed 14,230,239 reads, 12,026,945 reads pseudoaligned
SRR2099490  [quant] processed 5,950,113 reads, 4,734,473 reads pseudoaligned
SRR2099491  [quant] processed 11,863,056 reads, 9,582,416 reads pseudoaligned
SRR2099492  [quant] processed 8,994,730 reads, 7,112,631 reads pseudoaligned
SRR2099523  [quant] processed 13,478,764 reads, 10,627,167 reads pseudoaligned
SRR2099526  [quant] processed 8,247,382 reads, 6,506,658 reads pseudoaligned
SRR2099536  [quant] processed 6,089,820 reads, 5,152,158 reads pseudoaligned
SRR2099540  [quant] processed 6,274,270 reads, 4,940,898 reads pseudoaligned
SRR2099541  [quant] processed 5,612,747 reads, 4,423,204 reads pseudoaligned
SRR2099544  [quant] processed 7,763,716 reads, 6,483,477 reads pseudoaligned
SRR2099553  [quant] processed 7,761,661 reads, 5,944,901 reads pseudoaligned
SRR2099564  [quant] processed 9,633,801 reads, 7,847,951 reads pseudoaligned
SRR2099566  [quant] processed 9,499,898 reads, 6,862,827 reads pseudoaligned
SRR2099610  [quant] processed 7,250,830 reads, 5,780,619 reads pseudoaligned
SRR2099612  [quant] processed 8,621,855 reads, 7,022,771 reads pseudoaligned
SRR2099617  [quant] processed 6,090,896 reads, 4,905,006 reads pseudoaligned
SRR2099621  [quant] processed 8,119,798 reads, 6,534,091 reads pseudoaligned
SRR2099694  [quant] processed 2,983,298 reads, 2,422,007 reads pseudoaligned
SRR2099696  [quant] processed 3,415,959 reads, 2,816,470 reads pseudoaligned
SRR2099699  [quant] processed 9,285,992 reads, 7,471,978 reads pseudoaligned
SRR2099701  [quant] processed 16,931,562 reads, 13,596,744 reads pseudoaligned
SRR2099704  [quant] processed 8,115,042 reads, 6,395,845 reads pseudoaligned
SRR2099708  [quant] processed 6,902,720 reads, 5,755,099 reads pseudoaligned
SRR2099709  [quant] processed 4,484,788 reads, 3,711,194 reads pseudoaligned
SRR2099714  [quant] processed 3,921,412 reads, 3,204,309 reads pseudoaligned
SRR2099716  [quant] processed 7,252,432 reads, 5,339,173 reads pseudoaligned
SRR2099717  [quant] processed 5,885,378 reads, 4,656,893 reads pseudoaligned
SRR2099722  [quant] processed 9,728,037 reads, 7,764,735 reads pseudoaligned
SRR2099723  [quant] processed 2,376,304 reads, 1,880,969 reads pseudoaligned
SRR2099724  [quant] processed 11,929,647 reads, 9,174,160 reads pseudoaligned
SRR2099726  [quant] processed 12,422,672 reads, 9,144,223 reads pseudoaligned
SRR2099736  [quant] processed 7,956,001 reads, 6,366,141 reads pseudoaligned
SRR2099737  [quant] processed 8,673,859 reads, 7,101,219 reads pseudoaligned
SRR2099738  [quant] processed 6,394,261 reads, 5,483,357 reads pseudoaligned
SRR2099743  [quant] processed 6,659,547 reads, 5,533,238 reads pseudoaligned
SRR2099748  [quant] processed 3,252,226 reads, 2,422,137 reads pseudoaligned
SRR2099749  [quant] processed 8,941,474 reads, 6,437,067 reads pseudoaligned
SRR2099753  [quant] processed 6,023,375 reads, 4,755,175 reads pseudoaligned
SRR2099755  [quant] processed 5,936,712 reads, 4,762,822 reads pseudoaligned
SRR2099772  [quant] processed 5,985,694 reads, 4,820,572 reads pseudoaligned
SRR2099848  [quant] processed 5,750,611 reads, 4,541,258 reads pseudoaligned
SRR2099865  [quant] processed 7,643,922 reads, 6,422,534 reads pseudoaligned
SRR2099879  [quant] processed 8,403,283 reads, 6,481,465 reads pseudoaligned
SRR2099890  [quant] processed 11,155,493 reads, 8,587,206 reads pseudoaligned
SRR2099896  [quant] processed 8,174,067 reads, 6,365,325 reads pseudoaligned
SRR2099897  [quant] processed 7,261,585 reads, 6,004,676 reads pseudoaligned
SRR2099898  [quant] processed 13,451,210 reads, 10,652,461 reads pseudoaligned
SRR2099899  [quant] processed 4,556,380 reads, 3,656,393 reads pseudoaligned
SRR2099900  [quant] processed 9,547,965 reads, 7,845,802 reads pseudoaligned
SRR2099904  [quant] processed 6,835,344 reads, 5,418,431 reads pseudoaligned
SRR2099908  [quant] processed 8,245,308 reads, 6,857,786 reads pseudoaligned
SRR2099911  [quant] processed 5,615,941 reads, 4,409,391 reads pseudoaligned
SRR2099919  [quant] processed 9,686,570 reads, 7,569,972 reads pseudoaligned
SRR2101836  [quant] processed 5,349,590 reads, 4,303,839 reads pseudoaligned
SRR2101837  [quant] processed 8,812,842 reads, 6,940,080 reads pseudoaligned
SRR2101846  [quant] processed 15,068,072 reads, 11,005,288 reads pseudoaligned
SRR2101847  [quant] processed 10,833,033 reads, 8,229,342 reads pseudoaligned
SRR2101864  [quant] processed 105,204 reads, 87,848 reads pseudoaligned
SRR2101866  [quant] processed 9,091,453 reads, 7,164,901 reads pseudoaligned
SRR2101868  [quant] processed 8,634,220 reads, 7,040,747 reads pseudoaligned
SRR2101870  [quant] processed 11,351,018 reads, 8,547,775 reads pseudoaligned
SRR2102026  [quant] processed 9,310,547 reads, 7,273,595 reads pseudoaligned
SRR2102267  [quant] processed 9,895,944 reads, 7,971,896 reads pseudoaligned
SRR2102268  [quant] processed 9,098,474 reads, 7,156,732 reads pseudoaligned
SRR2102275  [quant] processed 14,093,445 reads, 10,851,701 reads pseudoaligned
SRR2102280  [quant] processed 4,406,412 reads, 3,748,060 reads pseudoaligned
SRR2102287  [quant] processed 3,838,050 reads, 3,199,989 reads pseudoaligned
SRR2102289  [quant] processed 7,325,012 reads, 5,710,163 reads pseudoaligned
SRR2102367  [quant] processed 3,285,997 reads, 2,612,524 reads pseudoaligned
SRR2102370  [quant] processed 6,932,610 reads, 5,476,950 reads pseudoaligned
SRR2102540  [quant] processed 7,627,525 reads, 5,642,532 reads pseudoaligned
SRR2102541  [quant] processed 8,403,830 reads, 6,822,815 reads pseudoaligned
SRR2102544  [quant] processed 7,364,642 reads, 6,190,023 reads pseudoaligned
SRR2102910  [quant] processed 14,752,197 reads, 10,334,486 reads pseudoaligned
SRR2102990  [quant] processed 10,119,329 reads, 7,758,433 reads pseudoaligned
SRR2147282  [quant] processed 54,328,864 reads, 36,584,818 reads pseudoaligned
SRR2147283  [quant] processed 55,389,459 reads, 38,590,829 reads pseudoaligned
SRR2147284  [quant] processed 61,392,964 reads, 44,039,317 reads pseudoaligned
SRR2147285  [quant] processed 36,703,936 reads, 30,941,597 reads pseudoaligned
SRR2147286  [quant] processed 33,373,208 reads, 28,125,021 reads pseudoaligned
SRR2147287  [quant] processed 34,343,033 reads, 28,936,259 reads pseudoaligned
SRR2147288  [quant] processed 33,484,732 reads, 27,259,989 reads pseudoaligned
SRR2147289  [quant] processed 34,576,184 reads, 28,042,912 reads pseudoaligned
SRR2147290  [quant] processed 30,909,925 reads, 26,027,678 reads pseudoaligned
SRR2147291  [quant] processed 31,526,290 reads, 26,447,819 reads pseudoaligned
SRR2147292  [quant] processed 34,080,445 reads, 27,854,962 reads pseudoaligned
SRR2147293  [quant] processed 41,824,856 reads, 34,823,605 reads pseudoaligned
SRR2147294  [quant] processed 39,259,571 reads, 30,864,731 reads pseudoaligned
SRR2147295  [quant] processed 35,020,507 reads, 27,550,681 reads pseudoaligned
SRR2147296  [quant] processed 36,740,241 reads, 29,311,049 reads pseudoaligned
SRR3017258  [quant] processed 4,835,349 reads, 4,109,943 reads pseudoaligned
SRR3017259  [quant] processed 4,115,682 reads, 3,351,117 reads pseudoaligned
SRR3017306  [quant] processed 5,558,816 reads, 4,704,602 reads pseudoaligned
SRR3017325  [quant] processed 4,567,373 reads, 3,758,125 reads pseudoaligned
SRR3017353  [quant] processed 4,795,256 reads, 4,035,352 reads pseudoaligned
SRR3017377  [quant] processed 5,622,825 reads, 4,746,806 reads pseudoaligned
SRR3017378  [quant] processed 3,746,343 reads, 3,194,395 reads pseudoaligned
SRR3017380  [quant] processed 4,875,297 reads, 4,145,157 reads pseudoaligned
SRR3017381  [quant] processed 4,117,849 reads, 3,217,076 reads pseudoaligned
SRR3017383  [quant] processed 4,081,920 reads, 3,279,350 reads pseudoaligned
SRR3017406  [quant] processed 3,908,618 reads, 3,083,792 reads pseudoaligned
SRR3017430  [quant] processed 4,591,398 reads, 3,608,834 reads pseudoaligned
SRR3017433  [quant] processed 5,654,605 reads, 4,566,341 reads pseudoaligned
SRR3017506  [quant] processed 6,407,766 reads, 5,383,036 reads pseudoaligned
SRR3017512  [quant] processed 5,922,246 reads, 4,846,191 reads pseudoaligned
SRR3017538  [quant] processed 5,709,103 reads, 4,886,853 reads pseudoaligned
SRR3017564  [quant] processed 5,988,492 reads, 4,945,343 reads pseudoaligned
SRR3017567  [quant] processed 9,866,488 reads, 7,799,683 reads pseudoaligned
SRR3017656  [quant] processed 5,205,639 reads, 4,290,732 reads pseudoaligned
SRR3017658  [quant] processed 4,130,777 reads, 3,436,211 reads pseudoaligned
SRR3017660  [quant] processed 3,557,565 reads, 3,016,206 reads pseudoaligned
SRR3017661  [quant] processed 3,819,077 reads, 3,201,300 reads pseudoaligned
SRR3017663  [quant] processed 3,483,815 reads, 2,849,965 reads pseudoaligned
SRR3017664  [quant] processed 6,070,241 reads, 4,951,948 reads pseudoaligned
SRR3017666  [quant] processed 5,310,669 reads, 4,401,544 reads pseudoaligned
SRR3017668  [quant] processed 5,484,113 reads, 4,562,103 reads pseudoaligned
SRR3017670  [quant] processed 4,339,141 reads, 3,447,407 reads pseudoaligned
SRR3017674  [quant] processed 19,889,630 reads, 16,335,656 reads pseudoaligned
SRR3017676  [quant] processed 4,862,255 reads, 4,078,488 reads pseudoaligned
SRR3017678  [quant] processed 4,141,580 reads, 3,517,297 reads pseudoaligned
SRR3017679  [quant] processed 3,821,470 reads, 3,192,977 reads pseudoaligned
SRR3017681  [quant] processed 3,845,319 reads, 3,253,439 reads pseudoaligned
SRR3017683  [quant] processed 3,561,927 reads, 2,991,674 reads pseudoaligned
SRR3017684  [quant] processed 2,798,506 reads, 2,347,417 reads pseudoaligned
SRR3017756  [quant] processed 3,074,434 reads, 2,525,101 reads pseudoaligned
SRR3017757  [quant] processed 3,669,585 reads, 2,980,391 reads pseudoaligned
SRR3017759  [quant] processed 3,678,288 reads, 3,031,156 reads pseudoaligned
SRR3017805  [quant] processed 6,007,182 reads, 4,799,989 reads pseudoaligned
SRR3017807  [quant] processed 4,585,133 reads, 3,750,038 reads pseudoaligned
SRR3017858  [quant] processed 5,260,906 reads, 4,301,332 reads pseudoaligned
SRR3017861  [quant] processed 4,635,606 reads, 3,863,111 reads pseudoaligned
SRR3017862  [quant] processed 5,272,824 reads, 4,277,314 reads pseudoaligned
SRR3017864  [quant] processed 6,943,133 reads, 5,654,607 reads pseudoaligned
SRR3017915  [quant] processed 6,699,884 reads, 5,194,790 reads pseudoaligned
SRR3017917  [quant] processed 7,414,061 reads, 5,681,026 reads pseudoaligned
SRR3017920  [quant] processed 5,076,091 reads, 3,840,968 reads pseudoaligned
SRR3017922  [quant] processed 4,322,720 reads, 3,235,159 reads pseudoaligned
SRR3017968  [quant] processed 5,976,223 reads, 4,758,268 reads pseudoaligned
SRR3018202  [quant] processed 4,484,641 reads, 3,769,920 reads pseudoaligned
SRR3018249  [quant] processed 4,295,042 reads, 3,679,003 reads pseudoaligned
SRR3018251  [quant] processed 4,424,394 reads, 3,763,367 reads pseudoaligned
SRR3018340  [quant] processed 5,509,866 reads, 4,556,048 reads pseudoaligned
SRR3018342  [quant] processed 5,116,661 reads, 4,196,326 reads pseudoaligned
SRR3018345  [quant] processed 5,084,368 reads, 4,310,617 reads pseudoaligned
SRR3018347  [quant] processed 7,629,492 reads, 6,149,476 reads pseudoaligned
SRR3018350  [quant] processed 4,921,003 reads, 4,165,357 reads pseudoaligned
SRR3018353  [quant] processed 5,095,250 reads, 4,178,913 reads pseudoaligned
SRR3018356  [quant] processed 6,187,860 reads, 4,891,648 reads pseudoaligned
SRR3018359  [quant] processed 6,131,089 reads, 4,822,955 reads pseudoaligned
SRR3018361  [quant] processed 5,066,023 reads, 3,657,351 reads pseudoaligned
SRR3018364  [quant] processed 4,359,370 reads, 3,573,595 reads pseudoaligned
SRR3018504  [quant] processed 4,291,989 reads, 3,531,144 reads pseudoaligned
SRR3018529  [quant] processed 4,710,359 reads, 3,698,443 reads pseudoaligned
SRR3018552  [quant] processed 4,727,089 reads, 3,810,654 reads pseudoaligned
SRR3018556  [quant] processed 4,233,521 reads, 3,005,507 reads pseudoaligned
SRR3018576  [quant] processed 5,611,901 reads, 4,117,855 reads pseudoaligned
SRR3018577  [quant] processed 5,640,592 reads, 4,515,700 reads pseudoaligned
SRR3018578  [quant] processed 4,377,431 reads, 3,554,804 reads pseudoaligned
SRR3018579  [quant] processed 4,277,607 reads, 3,416,329 reads pseudoaligned
SRR3018580  [quant] processed 5,424,236 reads, 4,323,257 reads pseudoaligned
SRR3018626  [quant] processed 6,177,291 reads, 4,961,286 reads pseudoaligned
SRR3018628  [quant] processed 4,605,320 reads, 3,615,094 reads pseudoaligned
SRR3018718  [quant] processed 6,815,937 reads, 5,377,075 reads pseudoaligned
SRR3018784  [quant] processed 5,757,179 reads, 4,470,245 reads pseudoaligned
SRR3018807  [quant] processed 5,424,088 reads, 4,179,051 reads pseudoaligned
SRR3018809  [quant] processed 5,516,008 reads, 4,002,137 reads pseudoaligned
SRR3018810  [quant] processed 5,462,903 reads, 4,451,390 reads pseudoaligned
SRR3018812  [quant] processed 5,501,095 reads, 4,683,159 reads pseudoaligned
SRR3018815  [quant] processed 5,423,644 reads, 4,526,681 reads pseudoaligned
SRR3018817  [quant] processed 5,247,033 reads, 4,327,468 reads pseudoaligned
SRR3018818  [quant] processed 5,594,637 reads, 4,683,533 reads pseudoaligned
SRR3018823  [quant] processed 6,623,335 reads, 5,046,091 reads pseudoaligned
SRR3018824  [quant] processed 6,138,032 reads, 5,069,702 reads pseudoaligned
SRR3018830  [quant] processed 3,829,336 reads, 3,339,965 reads pseudoaligned
SRR3018831  [quant] processed 5,211,587 reads, 4,325,676 reads pseudoaligned
SRR3018832  [quant] processed 4,645,851 reads, 3,804,806 reads pseudoaligned
SRR3018836  [quant] processed 3,697,343 reads, 3,014,918 reads pseudoaligned
SRR3018837  [quant] processed 4,788,373 reads, 4,001,840 reads pseudoaligned
SRR3018838  [quant] processed 4,640,358 reads, 3,794,130 reads pseudoaligned
SRR3018841  [quant] processed 4,819,837 reads, 4,121,234 reads pseudoaligned
SRR3018842  [quant] processed 4,408,656 reads, 3,593,792 reads pseudoaligned
SRR3018843  [quant] processed 5,058,951 reads, 4,096,455 reads pseudoaligned
SRR3018844  [quant] processed 4,371,502 reads, 3,430,994 reads pseudoaligned
SRR3018845  [quant] processed 5,185,029 reads, 4,343,515 reads pseudoaligned
SRR3018846  [quant] processed 4,433,770 reads, 3,724,445 reads pseudoaligned
SRR3018848  [quant] processed 4,461,327 reads, 3,308,851 reads pseudoaligned
SRR3018849  [quant] processed 4,706,905 reads, 3,754,358 reads pseudoaligned
SRR3018850  [quant] processed 3,884,923 reads, 3,193,874 reads pseudoaligned
SRR3018851  [quant] processed 4,271,155 reads, 3,598,340 reads pseudoaligned
SRR3018857  [quant] processed 4,067,729 reads, 3,482,838 reads pseudoaligned
SRR3018858  [quant] processed 4,303,734 reads, 3,769,491 reads pseudoaligned
SRR3018859  [quant] processed 5,640,941 reads, 4,613,247 reads pseudoaligned
SRR3018861  [quant] processed 5,819,380 reads, 4,765,904 reads pseudoaligned
SRR3018863  [quant] processed 5,297,354 reads, 4,353,592 reads pseudoaligned
SRR3018907  [quant] processed 5,083,545 reads, 4,120,999 reads pseudoaligned
SRR3019181  [quant] processed 4,294,010 reads, 3,568,788 reads pseudoaligned
SRR3019182  [quant] processed 4,091,266 reads, 3,237,797 reads pseudoaligned
SRR3019183  [quant] processed 4,617,658 reads, 3,704,850 reads pseudoaligned
SRR3019185  [quant] processed 4,192,331 reads, 3,161,863 reads pseudoaligned
SRR3019202  [quant] processed 4,271,693 reads, 3,367,531 reads pseudoaligned
SRR3019203  [quant] processed 5,656,959 reads, 4,617,696 reads pseudoaligned
SRR3019204  [quant] processed 4,740,319 reads, 4,010,844 reads pseudoaligned
SRR3218555  [quant] processed 8,522,458 reads, 7,382,407 reads pseudoaligned
SRR3218556  [quant] processed 15,815,934 reads, 13,492,133 reads pseudoaligned
SRR3218864  [quant] processed 27,836,476 reads, 21,293,675 reads pseudoaligned
SRR3218865  [quant] processed 24,276,721 reads, 18,337,445 reads pseudoaligned
SRR389178  [quant] processed 85,864,414 reads, 36,780,012 reads pseudoaligned
SRR389180  [quant] processed 84,640,512 reads, 36,552,447 reads pseudoaligned
SRR408498  [quant] processed 1,645,711 reads, 800,090 reads pseudoaligned
SRR408499  [quant] processed 757,503 reads, 302,946 reads pseudoaligned
SRR5387142  [quant] processed 45,918,116 reads, 31,318,788 reads pseudoaligned
SRR5387143  [quant] processed 46,572,292 reads, 31,489,532 reads pseudoaligned
SRR5387144  [quant] processed 43,251,936 reads, 29,416,782 reads pseudoaligned
SRR5387145  [quant] processed 40,309,711 reads, 25,163,509 reads pseudoaligned
SRR5387146  [quant] processed 47,887,590 reads, 30,318,196 reads pseudoaligned
SRR5387147  [quant] processed 29,695,673 reads, 19,930,590 reads pseudoaligned
SRR5387148  [quant] processed 59,658,620 reads, 37,935,604 reads pseudoaligned
SRR5387149  [quant] processed 46,559,478 reads, 29,450,441 reads pseudoaligned
SRR5387150  [quant] processed 41,329,420 reads, 27,134,027 reads pseudoaligned
SRR5387151  [quant] processed 42,276,868 reads, 23,911,770 reads pseudoaligned
SRR6952577  [quant] processed 393,216 reads, 0 reads pseudoaligned
SRR6953232  [quant] processed 69,433,266 reads, 19,864,138 reads pseudoaligned
SRR7006267  [quant] processed 9,460,004 reads, 8,105,361 reads pseudoaligned
SRR7006268  [quant] processed 5,783,935 reads, 4,984,906 reads pseudoaligned
SRR7006269  [quant] processed 658,374 reads, 516,210 reads pseudoaligned
SRR7006270  [quant] processed 8,118,983 reads, 6,967,549 reads pseudoaligned
SRR7006271  [quant] processed 7,598,546 reads, 6,073,607 reads pseudoaligned
SRR7006272  [quant] processed 7,984,321 reads, 6,094,496 reads pseudoaligned
SRR7006273  [quant] processed 7,299,492 reads, 5,685,863 reads pseudoaligned
SRR7006274  [quant] processed 8,532,800 reads, 6,570,436 reads pseudoaligned
SRR7282583  [quant] processed 31,357,613 reads, 25,996,475 reads pseudoaligned
SRR7282584  [quant] processed 6,259,876 reads, 5,810,999 reads pseudoaligned
SRR7282585  [quant] processed 6,273,204 reads, 5,826,023 reads pseudoaligned
SRR7282586  [quant] processed 6,637,321 reads, 6,170,189 reads pseudoaligned
SRR7282587  [quant] processed 6,135,444 reads, 5,693,441 reads pseudoaligned
SRR7282588  [quant] processed 32,040,470 reads, 27,236,313 reads pseudoaligned
SRR7282589  [quant] processed 6,686,433 reads, 6,238,540 reads pseudoaligned
SRR7282590  [quant] processed 6,689,629 reads, 6,244,483 reads pseudoaligned
SRR7282591  [quant] processed 7,059,837 reads, 6,594,958 reads pseudoaligned
SRR7282592  [quant] processed 6,558,171 reads, 6,115,958 reads pseudoaligned
SRR7585965  [quant] processed 7,557,868 reads, 5,969,044 reads pseudoaligned
SRR7585966  [quant] processed 8,378,891 reads, 7,844,806 reads pseudoaligned
SRR7585967  [quant] processed 8,126,546 reads, 7,619,032 reads pseudoaligned
SRR7585968  [quant] processed 8,195,888 reads, 6,639,597 reads pseudoaligned
SRR7585969  [quant] processed 7,087,568 reads, 5,669,380 reads pseudoaligned
SRR7585970  [quant] processed 7,233,710 reads, 6,671,082 reads pseudoaligned
SRR7585971  [quant] processed 6,139,128 reads, 5,614,943 reads pseudoaligned
SRR7585972  [quant] processed 6,540,265 reads, 6,001,881 reads pseudoaligned
SRR7585973  [quant] processed 6,180,866 reads, 5,737,699 reads pseudoaligned
SRR7719052  [quant] processed 3,099,945 reads, 536,141 reads pseudoaligned
SRR7719053  [quant] processed 2,340,943 reads, 303,687 reads pseudoaligned
SRR7719054  [quant] processed 1,829,313 reads, 233,979 reads pseudoaligned
SRR7719055  [quant] processed 2,024,560 reads, 275,992 reads pseudoaligned
SRR7911741  [quant] processed 2,150,165 reads, 1,614,397 reads pseudoaligned
SRR7911742  [quant] processed 3,051,479 reads, 2,536,652 reads pseudoaligned
SRR7911743  [quant] processed 2,741,527 reads, 2,006,639 reads pseudoaligned
SRR7911744  [quant] processed 2,996,262 reads, 2,190,281 reads pseudoaligned
SRR7911745  [quant] processed 2,093,982 reads, 1,598,193 reads pseudoaligned
SRR8168121  [quant] processed 10,211,645 reads, 9,015,188 reads pseudoaligned
SRR8168122  [quant] processed 7,632,207 reads, 6,752,744 reads pseudoaligned
SRR8168123  [quant] processed 7,451,462 reads, 5,688,424 reads pseudoaligned
SRR8168124  [quant] processed 7,659,315 reads, 6,820,559 reads pseudoaligned
SRR8168125  [quant] processed 9,316,846 reads, 7,541,406 reads pseudoaligned
SRR8168126  [quant] processed 9,275,360 reads, 5,370,812 reads pseudoaligned
SRR8202309  [quant] processed 12,142,867 reads, 11,043,985 reads pseudoaligned
SRR8202310  [quant] processed 10,783,294 reads, 10,043,902 reads pseudoaligned
SRR8202311  [quant] processed 9,446,200 reads, 8,905,114 reads pseudoaligned
SRR8202312  [quant] processed 9,937,871 reads, 9,369,879 reads pseudoaligned
SRR8202313  [quant] processed 20,023,687 reads, 18,506,867 reads pseudoaligned
SRR8202314  [quant] processed 15,394,318 reads, 14,112,873 reads pseudoaligned
SRR8202315  [quant] processed 9,043,501 reads, 8,397,771 reads pseudoaligned
SRR8202316  [quant] processed 11,258,301 reads, 10,494,327 reads pseudoaligned
SRR8260120  [quant] processed 16,519,868 reads, 15,600,213 reads pseudoaligned
SRR8260121  [quant] processed 9,224,187 reads, 8,661,749 reads pseudoaligned
SRR8269364  [quant] processed 8,316,186 reads, 7,316,509 reads pseudoaligned
SRR8269365  [quant] processed 8,272,135 reads, 7,402,303 reads pseudoaligned
SRR8517188  [quant] processed 13,133,414 reads, 10,114,188 reads pseudoaligned
SRR8517189  [quant] processed 9,346,290 reads, 7,532,675 reads pseudoaligned
SRR8517190  [quant] processed 12,073,474 reads, 9,399,211 reads pseudoaligned
SRR8517191  [quant] processed 4,595,415 reads, 3,731,543 reads pseudoaligned
SRR8517202  [quant] processed 11,588,224 reads, 9,127,418 reads pseudoaligned
SRR8517223  [quant] processed 36,219,939 reads, 9,981,946 reads pseudoaligned
SRR8517224  [quant] processed 32,849,568 reads, 10,343,958 reads pseudoaligned
SRR8517246  [quant] processed 7,364,642 reads, 6,190,023 reads pseudoaligned
SRR8517247  [quant] processed 4,556,380 reads, 3,656,393 reads pseudoaligned
SRR8517248  [quant] processed 2,511,650 reads, 2,136,364 reads pseudoaligned
SRR8517256  [quant] processed 14,365,225 reads, 10,993,917 reads pseudoaligned
SRR8517257  [quant] processed 5,885,378 reads, 4,656,893 reads pseudoaligned
SRR8517258  [quant] processed 5,936,712 reads, 4,762,822 reads pseudoaligned
SRR8517259  [quant] processed 8,284,170 reads, 6,528,000 reads pseudoaligned
SRR8517260  [quant] processed 14,179,123 reads, 10,929,370 reads pseudoaligned
SRR8517261  [quant] processed 16,283,016 reads, 11,577,429 reads pseudoaligned
SRR8517262  [quant] processed 8,361,160 reads, 6,552,605 reads pseudoaligned
SRR8517263  [quant] processed 4,728,513 reads, 3,604,274 reads pseudoaligned
SRR8517264  [quant] processed 8,115,042 reads, 6,395,845 reads pseudoaligned
SRR8517265  [quant] processed 14,093,445 reads, 10,851,701 reads pseudoaligned
SRR8517273  [quant] processed 9,367,839 reads, 7,569,248 reads pseudoaligned
SRR8517274  [quant] processed 7,245,634 reads, 5,963,724 reads pseudoaligned
SRR8517275  [quant] processed 5,750,611 reads, 4,541,258 reads pseudoaligned
SRR8517277  [quant] processed 5,950,113 reads, 4,734,473 reads pseudoaligned
SRR8517278  [quant] processed 7,884,033 reads, 6,609,933 reads pseudoaligned
SRR8517279  [quant] processed 19,177,847 reads, 15,298,488 reads pseudoaligned
SRR8517321  [quant] processed 7,261,585 reads, 6,004,676 reads pseudoaligned
SRR8517322  [quant] processed 7,763,716 reads, 6,483,477 reads pseudoaligned
SRR8517323  [quant] processed 10,366,744 reads, 8,529,796 reads pseudoaligned
SRR8517324  [quant] processed 4,406,412 reads, 3,748,060 reads pseudoaligned
SRR8517325  [quant] processed 7,643,922 reads, 6,422,534 reads pseudoaligned
SRR8517326  [quant] processed 3,285,997 reads, 2,612,524 reads pseudoaligned
SRR8517327  [quant] processed 9,310,547 reads, 7,273,595 reads pseudoaligned
SRR8517328  [quant] processed 7,250,830 reads, 5,780,619 reads pseudoaligned
SRR8517329  [quant] processed 8,994,730 reads, 7,112,631 reads pseudoaligned
SRR8517330  [quant] processed 15,607,376 reads, 12,358,561 reads pseudoaligned
SRR8517331  [quant] processed 14,230,239 reads, 12,026,945 reads pseudoaligned
SRR8517332  [quant] processed 23,580,118 reads, 18,753,819 reads pseudoaligned
SRR8517333  [quant] processed 15,447,903 reads, 13,062,815 reads pseudoaligned
SRR8517352  [quant] processed 8,798,247 reads, 7,258,625 reads pseudoaligned
SRR8517353  [quant] processed 13,776,207 reads, 11,117,252 reads pseudoaligned
SRR8517354  [quant] processed 7,325,012 reads, 5,710,163 reads pseudoaligned
SRR8517355  [quant] processed 9,895,944 reads, 7,971,896 reads pseudoaligned
SRR8517357  [quant] processed 14,238,540 reads, 10,814,126 reads pseudoaligned
SRR8517358  [quant] processed 9,837,083 reads, 7,734,938 reads pseudoaligned
SRR8517359  [quant] processed 13,962,285 reads, 10,622,999 reads pseudoaligned
SRR8517360  [quant] processed 11,696,660 reads, 9,162,871 reads pseudoaligned
SRR8517377  [quant] processed 25,458,040 reads, 21,206,373 reads pseudoaligned
SRR8517378  [quant] processed 6,044,332 reads, 4,986,080 reads pseudoaligned
SRR8517379  [quant] processed 7,798,827 reads, 6,001,641 reads pseudoaligned
SRR8517380  [quant] processed 9,766,801 reads, 7,761,137 reads pseudoaligned
SRR8517381  [quant] processed 9,141,878 reads, 7,091,617 reads pseudoaligned
SRR8517382  [quant] processed 6,873,325 reads, 5,583,393 reads pseudoaligned
SRR8517383  [quant] processed 9,558,123 reads, 7,146,364 reads pseudoaligned
SRR8517384  [quant] processed 8,722,289 reads, 7,129,518 reads pseudoaligned
SRR8517385  [quant] processed 7,523,906 reads, 5,174,469 reads pseudoaligned
SRR8517386  [quant] processed 12,510,769 reads, 9,881,957 reads pseudoaligned
SRR8517387  [quant] processed 177,788 reads, 140,289 reads pseudoaligned
SRR8517388  [quant] processed 839,285 reads, 683,053 reads pseudoaligned
SRR8517389  [quant] processed 8,224,310 reads, 6,700,410 reads pseudoaligned
SRR8517390  [quant] processed 14,686,786 reads, 11,282,645 reads pseudoaligned
SRR8517391  [quant] processed 7,466,799 reads, 6,210,317 reads pseudoaligned
SRR8517392  [quant] processed 4,727,333 reads, 3,826,740 reads pseudoaligned
SRR8517393  [quant] processed 6,835,344 reads, 5,418,431 reads pseudoaligned
SRR8517394  [quant] processed 6,089,820 reads, 5,152,158 reads pseudoaligned
SRR8517395  [quant] processed 6,921,757 reads, 5,785,303 reads pseudoaligned
SRR8517396  [quant] processed 8,895,212 reads, 7,140,018 reads pseudoaligned
SRR8517397  [quant] processed 8,763,813 reads, 7,594,071 reads pseudoaligned
SRR8517398  [quant] processed 2,376,304 reads, 1,880,969 reads pseudoaligned
SRR8517399  [quant] processed 3,838,050 reads, 3,199,989 reads pseudoaligned
SRR8517466  [quant] processed 8,403,283 reads, 6,481,465 reads pseudoaligned
SRR8517467  [quant] processed 2,983,298 reads, 2,422,007 reads pseudoaligned
SRR8517473  [quant] processed 12,629,532 reads, 9,309,794 reads pseudoaligned
SRR8517474  [quant] processed 11,877,904 reads, 9,324,135 reads pseudoaligned
SRR8517479  [quant] processed 13,012,734 reads, 9,872,260 reads pseudoaligned
SRR8517480  [quant] processed 9,342,732 reads, 7,519,331 reads pseudoaligned
SRR8517481  [quant] processed 15,372,455 reads, 11,455,851 reads pseudoaligned
SRR8517482  [quant] processed 11,612,471 reads, 9,174,629 reads pseudoaligned
SRR8517483  [quant] processed 8,840,325 reads, 7,213,800 reads pseudoaligned
SRR8517484  [quant] processed 9,010,727 reads, 7,408,231 reads pseudoaligned
SRR8517485  [quant] processed 15,575,839 reads, 11,792,879 reads pseudoaligned
SRR8517486  [quant] processed 11,325,943 reads, 9,022,416 reads pseudoaligned
SRR8517492  [quant] processed 9,547,965 reads, 7,845,802 reads pseudoaligned
SRR8517493  [quant] processed 9,098,474 reads, 7,156,732 reads pseudoaligned
SRR8517494  [quant] processed 9,153,137 reads, 7,273,725 reads pseudoaligned
SRR8517495  [quant] processed 11,499,625 reads, 9,112,536 reads pseudoaligned
SRR8517496  [quant] processed 6,013,721 reads, 4,796,100 reads pseudoaligned
SRR8517497  [quant] processed 7,252,432 reads, 5,339,173 reads pseudoaligned
SRR8517498  [quant] processed 16,931,562 reads, 13,596,744 reads pseudoaligned
SRR8517499  [quant] processed 15,068,072 reads, 11,005,288 reads pseudoaligned
SRR8517539  [quant] processed 7,791,004 reads, 6,344,070 reads pseudoaligned
SRR8517540  [quant] processed 14,813,979 reads, 8,009,511 reads pseudoaligned
SRR8517541  [quant] processed 18,625,404 reads, 10,865,461 reads pseudoaligned
SRR8517542  [quant] processed 8,621,855 reads, 7,022,771 reads pseudoaligned
SRR8517543  [quant] processed 128,000 reads, 122,940 reads pseudoaligned
SRR8517544  [quant] processed 5,438,940 reads, 4,559,806 reads pseudoaligned
SRR8517545  [quant] processed 9,079,142 reads, 7,667,241 reads pseudoaligned
SRR8517546  [quant] processed 13,478,764 reads, 10,627,167 reads pseudoaligned
SRR8517547  [quant] processed 11,849,218 reads, 9,412,398 reads pseudoaligned
SRR8517548  [quant] processed 5,854,437 reads, 4,392,209 reads pseudoaligned
SRR8517549  [quant] processed 9,285,992 reads, 7,471,978 reads pseudoaligned
SRR8517558  [quant] processed 10,691,341 reads, 8,496,065 reads pseudoaligned
SRR8517576  [quant] processed 6,932,610 reads, 5,476,950 reads pseudoaligned
SRR8517577  [quant] processed 5,165,025 reads, 4,460,233 reads pseudoaligned
SRR896011  [quant] processed 9,233,389 reads, 8,106,411 reads pseudoaligned
SRR900124  [quant] processed 6,595,120 reads, 5,901,833 reads pseudoaligned
SRR900125  [quant] processed 6,100,196 reads, 5,402,471 reads pseudoaligned
SRR900126  [quant] processed 10,182,655 reads, 8,564,424 reads pseudoaligned
SRR900127  [quant] processed 9,042,975 reads, 7,923,339 reads pseudoaligned
SRR900132  [quant] processed 53,021 reads, 26,780 reads pseudoaligned
SRR900133  [quant] processed 11,363,063 reads, 10,140,409 reads pseudoaligned
SRR900134  [quant] processed 7,726,319 reads, 6,803,457 reads pseudoaligned
SRR900135  [quant] processed 6,109,497 reads, 5,449,745 reads pseudoaligned
SRR900138  [quant] processed 6,052,279 reads, 4,959,641 reads pseudoaligned
SRR900139  [quant] processed 5,240,932 reads, 4,548,137 reads pseudoaligned
SRR900140  [quant] processed 7,130,323 reads, 6,214,184 reads pseudoaligned
SRR900141  [quant] processed 11,368,287 reads, 9,670,529 reads pseudoaligned
SRR900142  [quant] processed 1,696,572 reads, 1,439,064 reads pseudoaligned
SRR900143  [quant] processed 6,380,384 reads, 5,331,144 reads pseudoaligned
SRR900144  [quant] processed 7,605,734 reads, 6,962,836 reads pseudoaligned
SRR900151  [quant] processed 5,508,795 reads, 5,053,879 reads pseudoaligned
SRR900152  [quant] processed 13,619,610 reads, 12,244,804 reads pseudoaligned
SRR900153  [quant] processed 5,823,166 reads, 5,134,825 reads pseudoaligned
SRR900154  [quant] processed 9,239,738 reads, 8,348,268 reads pseudoaligned
SRR900155  [quant] processed 6,341,858 reads, 5,768,279 reads pseudoaligned
SRR900156  [quant] processed 5,318,408 reads, 4,683,506 reads pseudoaligned
SRR900157  [quant] processed 12,312,988 reads, 5,351,930 reads pseudoaligned
SRR900158  [quant] processed 6,746,684 reads, 6,179,680 reads pseudoaligned
SRR900160  [quant] processed 6,180,080 reads, 4,920,895 reads pseudoaligned
SRR900161  [quant] processed 11,453,409 reads, 10,108,294 reads pseudoaligned
SRR900162  [quant] processed 7,632,043 reads, 7,107,787 reads pseudoaligned
SRR900163  [quant] processed 8,376,157 reads, 7,690,909 reads pseudoaligned
SRR900164  [quant] processed 6,764,547 reads, 6,194,951 reads pseudoaligned
SRR900165  [quant] processed 7,573,650 reads, 5,897,191 reads pseudoaligned
SRR900166  [quant] processed 6,548,225 reads, 5,929,101 reads pseudoaligned
SRR900167  [quant] processed 7,707,081 reads, 7,015,697 reads pseudoaligned
SRR900168  [quant] processed 8,685,168 reads, 7,630,049 reads pseudoaligned
SRR900169  [quant] processed 3,859,620 reads, 3,139,806 reads pseudoaligned
SRR900178  [quant] processed 6,453,744 reads, 5,566,314 reads pseudoaligned
SRR900179  [quant] processed 6,792,284 reads, 6,035,207 reads pseudoaligned
SRR900180  [quant] processed 7,609,337 reads, 6,817,138 reads pseudoaligned
SRR900181  [quant] processed 7,566,928 reads, 6,872,994 reads pseudoaligned
SRR900182  [quant] processed 5,514,279 reads, 4,792,401 reads pseudoaligned
SRR900183  [quant] processed 4,885,889 reads, 4,488,783 reads pseudoaligned
SRR900184  [quant] processed 8,284,146 reads, 7,748,175 reads pseudoaligned
SRR900187  [quant] processed 9,381,599 reads, 8,200,668 reads pseudoaligned
SRR900188  [quant] processed 8,032,000 reads, 7,105,008 reads pseudoaligned
SRR900189  [quant] processed 5,591,043 reads, 5,007,156 reads pseudoaligned
SRR900190  [quant] processed 12,605,185 reads, 11,191,986 reads pseudoaligned
SRR900191  [quant] processed 11,984,024 reads, 10,917,140 reads pseudoaligned
SRR900193  [quant] processed 10,356,380 reads, 9,171,792 reads pseudoaligned
SRR900198  [quant] processed 8,710,067 reads, 7,489,832 reads pseudoaligned
SRR900199  [quant] processed 11,934,828 reads, 10,720,200 reads pseudoaligned
SRR900202  [quant] processed 9,843,004 reads, 8,854,938 reads pseudoaligned
SRR900203  [quant] processed 6,702,764 reads, 5,965,487 reads pseudoaligned
SRR900204  [quant] processed 13,569,834 reads, 12,287,191 reads pseudoaligned
SRR900205  [quant] processed 9,083,771 reads, 8,140,751 reads pseudoaligned
SRR900206  [quant] processed 8,453,100 reads, 7,387,854 reads pseudoaligned
SRR900207  [quant] processed 5,650,294 reads, 5,055,507 reads pseudoaligned
SRR900208  [quant] processed 6,828,723 reads, 5,859,549 reads pseudoaligned
SRR921382  [quant] processed 11,169,540 reads, 10,107,209 reads pseudoaligned
SRR9286017  [quant] processed 10,217,574 reads, 7,556,564 reads pseudoaligned
SRR9286018  [quant] processed 5,859,430 reads, 4,282,333 reads pseudoaligned
SRR9286019  [quant] processed 9,491,486 reads, 7,118,527 reads pseudoaligned
SRR9286020  [quant] processed 10,508,856 reads, 7,778,394 reads pseudoaligned
SRR9286021  [quant] processed 13,974,568 reads, 10,216,960 reads pseudoaligned
SRR9286022  [quant] processed 12,253,555 reads, 8,903,582 reads pseudoaligned
SRR9733835  [quant] processed 1,175,902 reads, 16,545 reads pseudoaligned
SRR9733836  [quant] processed 1,446,760 reads, 44,542 reads pseudoaligned
SRR9733837  [quant] processed 558,082 reads, 70,172 reads pseudoaligned
SRR9733838  [quant] processed 974,841 reads, 8,773 reads pseudoaligned
